<keymap version="1" name="Windows copy" parent="$default">
  <action id="Arrangement.Alias.Rule.Match.Condition.Move.Down" />
  <action id="Arrangement.Rule.Group.Condition.Move.Down" />
  <action id="Arrangement.Rule.Group.Condition.Move.Up" />
  <action id="Arrangement.Rule.Match.Condition.Move.Down" />
  <action id="Arrangement.Rule.Match.Condition.Move.Up" />
  <action id="CloseContent">
    <keyboard-shortcut first-keystroke="ctrl w" />
  </action>
  <action id="EditorSelectWord">
    <keyboard-shortcut first-keystroke="alt up" />
  </action>
  <action id="EditorUnSelectWord">
    <keyboard-shortcut first-keystroke="alt down" />
  </action>
  <action id="GuiDesigner.ShrinkSelection">
    <keyboard-shortcut first-keystroke="alt down" />
  </action>
  <action id="MethodDown" />
  <action id="MethodUp" />
  <action id="ShowContent" />
  <action id="ShowSearchHistory" />
  <action id="UsageFiltering.WriteAccess" />
  <action id="UsageView.ShowRecentFindUsages" />
</keymap>